CustomerID,CustomerCode,State
1,CUST-0001,NJ
2,CUST-0002,TX
3,CUST-0003,NY
4,CUST-0004,NY
5,CUST-0005,NJ
6,CUST-0006,CT
7,CUST-0007,CT
8,CUST-0008,NY
9,CUST-0009,CT
10,CUST-0010,TX
11,CUST-0011,CT
12,CUST-0012,CA
13,CUST-0013,MA
14,CUST-0014,NY
15,CUST-0015,PA
16,CUST-0016,TX
17,CUST-0017,FL
18,CUST-0018,MA
19,CUST-0019,PA
20,CUST-0020,CT
21,CUST-0021,FL
22,CUST-0022,NJ
23,CUST-0023,NJ
24,CUST-0024,TX
25,CUST-0025,NJ
26,CUST-0026,FL
27,CUST-0027,FL
28,CUST-0028,MA
29,CUST-0029,NY
30,CUST-0030,CA
31,CUST-0031,NJ
32,CUST-0032,TX
33,CUST-0033,NJ
34,CUST-0034,MA
35,CUST-0035,FL
36,CUST-0036,CT
37,CUST-0037,NJ
38,CUST-0038,NY
39,CUST-0039,CT
40,CUST-0040,MA
41,CUST-0041,NJ
42,CUST-0042,CT
43,CUST-0043,NJ
44,CUST-0044,TX
45,CUST-0045,MA
46,CUST-0046,CA
47,CUST-0047,FL
48,CUST-0048,PA
49,CUST-0049,FL
50,CUST-0050,FL
51,CUST-0051,CT
52,CUST-0052,MA
53,CUST-0053,NJ
54,CUST-0054,PA
55,CUST-0055,CT
56,CUST-0056,PA
57,CUST-0057,CA
58,CUST-0058,TX
59,CUST-0059,MA
60,CUST-0060,CT
61,CUST-0061,FL
62,CUST-0062,NY
63,CUST-0063,CT
64,CUST-0064,NY
65,CUST-0065,FL
66,CUST-0066,TX
67,CUST-0067,MA
68,CUST-0068,NJ
69,CUST-0069,CT
70,CUST-0070,FL
71,CUST-0071,CT
72,CUST-0072,CA
73,CUST-0073,TX
74,CUST-0074,CA
75,CUST-0075,PA
76,CUST-0076,MA
77,CUST-0077,PA
78,CUST-0078,CT
79,CUST-0079,MA
80,CUST-0080,TX
81,CUST-0081,TX
82,CUST-0082,FL
83,CUST-0083,CT
84,CUST-0084,PA
85,CUST-0085,CA
86,CUST-0086,NJ
87,CUST-0087,NY
88,CUST-0088,NJ
89,CUST-0089,PA
90,CUST-0090,PA
91,CUST-0091,TX
92,CUST-0092,NJ
93,CUST-0093,TX
94,CUST-0094,TX
95,CUST-0095,CA
96,CUST-0096,MA
97,CUST-0097,NY
98,CUST-0098,NJ
99,CUST-0099,MA
100,CUST-0100,FL
101,CUST-0101,NJ
102,CUST-0102,MA
103,CUST-0103,TX
104,CUST-0104,PA
105,CUST-0105,CA
106,CUST-0106,NY
107,CUST-0107,MA
108,CUST-0108,PA
109,CUST-0109,NJ
110,CUST-0110,MA
111,CUST-0111,CT
112,CUST-0112,PA
113,CUST-0113,FL
114,CUST-0114,PA
115,CUST-0115,NY
116,CUST-0116,FL
117,CUST-0117,CA
118,CUST-0118,NY
119,CUST-0119,NJ
120,CUST-0120,FL
121,CUST-0121,MA
122,CUST-0122,CT
123,CUST-0123,NY
124,CUST-0124,CT
125,CUST-0125,NJ
126,CUST-0126,NJ
127,CUST-0127,CA
128,CUST-0128,NJ
129,CUST-0129,PA
130,CUST-0130,PA
131,CUST-0131,CA
132,CUST-0132,PA
133,CUST-0133,MA
134,CUST-0134,TX
135,CUST-0135,CT
136,CUST-0136,CT
137,CUST-0137,MA
138,CUST-0138,TX
139,CUST-0139,FL
140,CUST-0140,CA
141,CUST-0141,CA
142,CUST-0142,NJ
143,CUST-0143,CT
144,CUST-0144,CT
145,CUST-0145,NJ
146,CUST-0146,FL
147,CUST-0147,NY
148,CUST-0148,CT
149,CUST-0149,CT
150,CUST-0150,NY
151,CUST-0151,NJ
152,CUST-0152,NY
153,CUST-0153,CT
154,CUST-0154,NJ
155,CUST-0155,NY
156,CUST-0156,FL
157,CUST-0157,NJ
158,CUST-0158,CT
159,CUST-0159,MA
160,CUST-0160,CA
161,CUST-0161,CT
162,CUST-0162,PA
163,CUST-0163,CA
164,CUST-0164,CT
165,CUST-0165,CA
166,CUST-0166,TX
167,CUST-0167,CT
168,CUST-0168,NJ
169,CUST-0169,NJ
170,CUST-0170,TX
171,CUST-0171,FL
172,CUST-0172,TX
173,CUST-0173,TX
174,CUST-0174,CA
175,CUST-0175,NY
176,CUST-0176,NJ
177,CUST-0177,NY
178,CUST-0178,TX
179,CUST-0179,FL
180,CUST-0180,NJ
181,CUST-0181,CT
182,CUST-0182,CT
183,CUST-0183,CT
184,CUST-0184,CA
185,CUST-0185,PA
186,CUST-0186,TX
187,CUST-0187,PA
188,CUST-0188,MA
189,CUST-0189,CA
190,CUST-0190,CT
191,CUST-0191,NJ
192,CUST-0192,CA
193,CUST-0193,NJ
194,CUST-0194,NY
195,CUST-0195,NY
196,CUST-0196,NJ
197,CUST-0197,CT
198,CUST-0198,PA
199,CUST-0199,TX
200,CUST-0200,CA
201,CUST-0201,CA
202,CUST-0202,CT
203,CUST-0203,TX
204,CUST-0204,NY
205,CUST-0205,PA
206,CUST-0206,TX
207,CUST-0207,NY
208,CUST-0208,TX
209,CUST-0209,MA
210,CUST-0210,CA
211,CUST-0211,MA
212,CUST-0212,TX
213,CUST-0213,CA
214,CUST-0214,PA
215,CUST-0215,CT
216,CUST-0216,MA
217,CUST-0217,CT
218,CUST-0218,NY
219,CUST-0219,NY
220,CUST-0220,FL
221,CUST-0221,NY
222,CUST-0222,NY
223,CUST-0223,CA
224,CUST-0224,PA
225,CUST-0225,NY
226,CUST-0226,NJ
227,CUST-0227,PA
228,CUST-0228,NJ
229,CUST-0229,NJ
230,CUST-0230,CT
231,CUST-0231,TX
232,CUST-0232,NJ
233,CUST-0233,CT
234,CUST-0234,NY
235,CUST-0235,NJ
236,CUST-0236,TX
237,CUST-0237,FL
238,CUST-0238,MA
239,CUST-0239,CT
240,CUST-0240,FL
241,CUST-0241,CT
242,CUST-0242,MA
243,CUST-0243,TX
244,CUST-0244,PA
245,CUST-0245,MA
246,CUST-0246,CA
247,CUST-0247,FL
248,CUST-0248,NJ
249,CUST-0249,NY
250,CUST-0250,CA
251,CUST-0251,NJ
252,CUST-0252,NJ
253,CUST-0253,CT
254,CUST-0254,MA
255,CUST-0255,PA
256,CUST-0256,FL
257,CUST-0257,NJ
258,CUST-0258,CT
259,CUST-0259,FL
260,CUST-0260,MA
261,CUST-0261,PA
262,CUST-0262,CA
263,CUST-0263,MA
264,CUST-0264,NY
265,CUST-0265,MA
266,CUST-0266,NJ
267,CUST-0267,PA
268,CUST-0268,MA
269,CUST-0269,NJ
270,CUST-0270,NJ
271,CUST-0271,PA
272,CUST-0272,MA
273,CUST-0273,MA
274,CUST-0274,CT
275,CUST-0275,FL
276,CUST-0276,CT
277,CUST-0277,MA
278,CUST-0278,CA
279,CUST-0279,MA
280,CUST-0280,NY
281,CUST-0281,NJ
282,CUST-0282,TX
283,CUST-0283,MA
284,CUST-0284,NY
285,CUST-0285,NY
286,CUST-0286,FL
287,CUST-0287,PA
288,CUST-0288,MA
289,CUST-0289,PA
290,CUST-0290,CA
291,CUST-0291,TX
292,CUST-0292,NY
293,CUST-0293,NJ
294,CUST-0294,NJ
295,CUST-0295,PA
296,CUST-0296,NY
297,CUST-0297,FL
298,CUST-0298,PA
299,CUST-0299,TX
300,CUST-0300,PA
301,CUST-0301,NY
302,CUST-0302,MA
303,CUST-0303,FL
304,CUST-0304,NY
305,CUST-0305,FL
306,CUST-0306,CT
307,CUST-0307,CT
308,CUST-0308,NJ
309,CUST-0309,FL
310,CUST-0310,TX
311,CUST-0311,PA
312,CUST-0312,CT
313,CUST-0313,PA
314,CUST-0314,PA
315,CUST-0315,TX
316,CUST-0316,NY
317,CUST-0317,PA
318,CUST-0318,FL
319,CUST-0319,TX
320,CUST-0320,CT
321,CUST-0321,MA
322,CUST-0322,PA
323,CUST-0323,NJ
324,CUST-0324,TX
325,CUST-0325,NY
326,CUST-0326,CA
327,CUST-0327,CT
328,CUST-0328,CT
329,CUST-0329,CA
330,CUST-0330,FL
331,CUST-0331,MA
332,CUST-0332,CT
333,CUST-0333,CT
334,CUST-0334,NY
335,CUST-0335,CT
336,CUST-0336,TX
337,CUST-0337,FL
338,CUST-0338,MA
339,CUST-0339,NJ
340,CUST-0340,MA
341,CUST-0341,FL
342,CUST-0342,TX
343,CUST-0343,FL
344,CUST-0344,NY
345,CUST-0345,NJ
346,CUST-0346,MA
347,CUST-0347,PA
348,CUST-0348,MA
349,CUST-0349,NY
350,CUST-0350,NJ
351,CUST-0351,TX
352,CUST-0352,FL
353,CUST-0353,FL
354,CUST-0354,TX
355,CUST-0355,NJ
356,CUST-0356,TX
357,CUST-0357,CT
358,CUST-0358,MA
359,CUST-0359,NY
360,CUST-0360,TX
361,CUST-0361,NY
362,CUST-0362,CT
363,CUST-0363,FL
364,CUST-0364,TX
365,CUST-0365,NJ
366,CUST-0366,FL
367,CUST-0367,FL
368,CUST-0368,NJ
369,CUST-0369,MA
370,CUST-0370,MA
371,CUST-0371,TX
372,CUST-0372,FL
373,CUST-0373,TX
374,CUST-0374,MA
375,CUST-0375,PA
376,CUST-0376,CT
377,CUST-0377,TX
378,CUST-0378,TX
379,CUST-0379,PA
380,CUST-0380,MA
381,CUST-0381,TX
382,CUST-0382,NY
383,CUST-0383,MA
384,CUST-0384,MA
385,CUST-0385,CT
386,CUST-0386,TX
387,CUST-0387,FL
388,CUST-0388,CA
389,CUST-0389,CA
390,CUST-0390,CA
391,CUST-0391,CT
392,CUST-0392,CA
393,CUST-0393,PA
394,CUST-0394,NJ
395,CUST-0395,MA
396,CUST-0396,FL
397,CUST-0397,NJ
398,CUST-0398,CT
399,CUST-0399,MA
400,CUST-0400,CT
401,CUST-0401,CT
402,CUST-0402,PA
403,CUST-0403,NY
404,CUST-0404,NY
405,CUST-0405,CT
406,CUST-0406,CA
407,CUST-0407,NJ
408,CUST-0408,CA
409,CUST-0409,TX
410,CUST-0410,CT
411,CUST-0411,TX
412,CUST-0412,CA
413,CUST-0413,TX
414,CUST-0414,CT
415,CUST-0415,PA
416,CUST-0416,NY
417,CUST-0417,NJ
418,CUST-0418,TX
419,CUST-0419,CT
420,CUST-0420,PA
421,CUST-0421,CA
422,CUST-0422,NY
423,CUST-0423,CT
424,CUST-0424,NJ
425,CUST-0425,CA
426,CUST-0426,PA
427,CUST-0427,CA
428,CUST-0428,FL
429,CUST-0429,CA
430,CUST-0430,TX
431,CUST-0431,CA
432,CUST-0432,PA
433,CUST-0433,CA
434,CUST-0434,CA
435,CUST-0435,MA
436,CUST-0436,CT
437,CUST-0437,MA
438,CUST-0438,CA
439,CUST-0439,CT
440,CUST-0440,MA
441,CUST-0441,CA
442,CUST-0442,NJ
443,CUST-0443,MA
444,CUST-0444,CT
445,CUST-0445,MA
446,CUST-0446,FL
447,CUST-0447,FL
448,CUST-0448,NJ
449,CUST-0449,PA
450,CUST-0450,PA
451,CUST-0451,CT
452,CUST-0452,TX
453,CUST-0453,PA
454,CUST-0454,CT
455,CUST-0455,NJ
456,CUST-0456,TX
457,CUST-0457,TX
458,CUST-0458,FL
459,CUST-0459,CA
460,CUST-0460,TX
461,CUST-0461,NY
462,CUST-0462,CT
463,CUST-0463,TX
464,CUST-0464,TX
465,CUST-0465,NY
466,CUST-0466,TX
467,CUST-0467,CA
468,CUST-0468,NY
469,CUST-0469,FL
470,CUST-0470,MA
471,CUST-0471,TX
472,CUST-0472,TX
473,CUST-0473,CT
474,CUST-0474,CA
475,CUST-0475,CT
476,CUST-0476,MA
477,CUST-0477,TX
478,CUST-0478,CA
479,CUST-0479,NY
480,CUST-0480,TX
481,CUST-0481,FL
482,CUST-0482,TX
483,CUST-0483,PA
484,CUST-0484,CA
485,CUST-0485,PA
486,CUST-0486,NY
487,CUST-0487,TX
488,CUST-0488,NY
489,CUST-0489,NJ
490,CUST-0490,TX
491,CUST-0491,PA
492,CUST-0492,CA
493,CUST-0493,PA
494,CUST-0494,NY
495,CUST-0495,MA
496,CUST-0496,TX
497,CUST-0497,FL
498,CUST-0498,CT
499,CUST-0499,CA
500,CUST-0500,FL
